
<?xml version="1.0" encoding="UTF-8"?>
<schemalist>
  <schema id="org.gnome.shell.extensions.glaunchv2" path="/org/gnome/shell/extensions/glaunchv2/">
    <key name="f1" type="as">
	  <default><![CDATA[['F1']]]></default>
    </key>
    <key name="f2" type="as">
	  <default><![CDATA[['F2']]]></default>
    </key>
    <key name="f3" type="as">
	  <default><![CDATA[['F3']]]></default>
    </key>
    <key name="f4" type="as">
	  <default><![CDATA[['F4']]]></default>
    </key>
    <key name="f5" type="as">
	  <default><![CDATA[['F5']]]></default>
    </key>
    <key name="f6" type="as">
	  <default><![CDATA[['F6']]]></default>
    </key>
    <key name="f7" type="as">
	  <default><![CDATA[['F7']]]></default>
    </key>
    <key name="f8" type="as">
	  <default><![CDATA[['F8']]]></default>
    </key>
    <key name="f9" type="as">
	  <default><![CDATA[['F9']]]></default>
    </key>
    <key name="f10" type="as">
	  <default><![CDATA[['F10']]]></default>
    </key>
    <key name="f11" type="as">
	  <default><![CDATA[['F11']]]></default>
    </key>
    <key name="f12" type="as">
	  <default><![CDATA[['F12']]]></default>
    </key>
  </schema>
</schemalist>
